,Cancer and neoplasms,Cardiomyopathies,Cardiovascular diseases,Ear diseases,Endocrine and Metabolic Diseases,Eye diseases,Hematological diseases,Liver disease,Mental health / Psychiatric disorders,Muscular disorders,Nutritional Deficiency Diseases,Reproductive system diseases,Tropical diseases,Urinary tract infections,zoonotic diseases,accuracy,macro avg,weighted avg
precision,0.9047619047619048,0.95,0.8181818181818182,1.0,0.6818181818181818,0.8636363636363636,0.8947368421052632,0.9047619047619048,1.0,0.8636363636363636,0.9375,1.0,0.8125,0.9523809523809523,0.6153846153846154,0.87,0.8799532631111578,0.8799532631111577
recall,0.95,0.95,0.9,1.0,0.75,0.95,0.85,0.95,0.9,0.95,0.75,0.7,0.65,1.0,0.8,0.87,0.8699999999999999,0.87
f1-score,0.926829268292683,0.95,0.8571428571428571,1.0,0.7142857142857143,0.9047619047619048,0.8717948717948718,0.926829268292683,0.9473684210526315,0.9047619047619048,0.8333333333333334,0.8235294117647058,0.7222222222222222,0.975609756097561,0.6956521739130435,0.87,0.8702747405144078,0.8702747405144078
support,20.0,20.0,20.0,20.0,20.0,20.0,20.0,20.0,20.0,20.0,20.0,20.0,20.0,20.0,20.0,0.87,300.0,300.0
